employee_id,area,home_lat,home_lon,age,salary_band,has_car,has_transit_pass_already,home_office_days_per_week,eco_affinity
E0001,St. Georg / Altstadt,53.566912,10.011388,47,junior,True,False,1,0.462
E0002,Schnelsen,53.629905,9.928277,37,mid,True,True,2,0.054
E0003,Billstedt,53.52205,10.040079,35,junior,False,False,2,0.634
E0004,Barmbek,53.595549,10.050277,48,mid,True,False,2,0.16
E0005,Norderstedt-Glashuette,53.684013,10.067136,42,junior,True,True,1,0.25
E0006,Ahrensburg,53.66769,10.248693,19,junior,True,False,0,0.591
E0007,St. Georg / Altstadt,53.544914,10.020719,48,senior,False,False,1,0.809
E0008,Altona,53.537425,9.917479,40,mid,False,True,2,0.671
E0009,Norderstedt-Glashuette,53.689693,10.022969,40,senior,True,False,2,0.108
E0010,Schnelsen,53.606947,9.898917,37,senior,False,False,0,0.235
E0011,Fuhlsbuettel,53.636244,10.043672,22,mid,True,False,2,0.904
E0012,Wedel,53.596778,9.696571,33,mid,False,True,2,0.328
E0013,Eimsbuettel,53.580825,9.940314,26,mid,False,True,0,0.708
E0014,Rahlstedt,53.608367,10.143851,36,mid,True,False,0,0.787
E0015,Schnelsen,53.629906,9.916537,28,junior,True,False,0,0.586
E0016,Quickborn,53.735206,9.86874,42,mid,False,True,1,0.651
E0017,Ohlsdorf,53.626598,10.050419,37,senior,False,False,2,0.795
E0018,Norderstedt-Mitte,53.700349,9.952158,49,mid,True,False,0,0.306
E0019,Rahlstedt,53.599744,10.174601,47,junior,False,False,2,0.495
E0020,Eppendorf,53.585866,9.978553,44,mid,True,False,0,0.862
E0021,St. Georg / Altstadt,53.552188,10.026878,38,mid,True,True,1,0.232
E0022,Langenhorn,53.65484,10.018866,29,junior,True,False,1,0.236
E0023,Ahrensburg,53.687211,10.180908,24,junior,True,False,0,0.813
E0024,Harburg,53.466415,9.977741,44,mid,True,True,0,0.103
E0025,Altona,53.530218,9.936952,51,mid,False,False,0,0.375
E0026,Henstedt-Ulzburg,53.819124,10.002991,30,junior,True,False,2,0.575
E0027,Poppenbuettel,53.638111,10.086653,34,junior,True,False,2,0.501
E0028,Norderstedt-Mitte,53.694179,10.006251,41,senior,False,True,0,0.747
E0029,Garstedt,53.691172,9.963531,39,junior,True,False,1,0.59
E0030,Barmbek,53.59809,10.044709,31,mid,False,False,1,0.715
E0031,Wandsbek,53.574544,10.075014,34,senior,True,True,1,0.512
E0032,Ahrensburg,53.668364,10.254426,28,mid,True,False,2,0.32
E0033,Langenhorn,53.673287,9.982713,36,mid,False,True,2,0.76
E0034,Fuhlsbuettel,53.649799,10.014582,42,junior,True,False,2,0.428
E0035,Poppenbuettel,53.659364,10.090506,41,senior,True,False,2,0.852
E0036,Henstedt-Ulzburg,53.785628,9.996012,26,mid,True,False,1,0.428
E0037,Norderstedt-Glashuette,53.670355,10.044813,38,junior,True,False,3,0.837
E0038,Poppenbuettel,53.67358,10.076475,19,mid,True,False,2,0.481
E0039,Quickborn,53.717901,9.91248,24,junior,True,False,2,0.44
E0040,Eimsbuettel,53.576756,9.935404,32,junior,True,True,1,0.437
E0041,Schnelsen,53.612667,9.914204,31,junior,False,False,2,0.7
E0042,Rahlstedt,53.602081,10.16621,53,senior,False,False,0,0.167
E0043,Barmbek,53.596583,10.052938,54,mid,True,True,1,0.788
E0044,Langenhorn,53.649331,10.049324,40,junior,True,False,0,0.307
E0045,Rahlstedt,53.59197,10.177051,41,mid,True,False,2,0.786
E0046,Altona,53.535406,9.943749,46,mid,True,False,0,0.821
E0047,Fuhlsbuettel,53.639444,10.011402,35,mid,True,False,3,0.643
E0048,Tangstedt,53.736767,10.098819,40,mid,True,False,1,0.389
E0049,Barmbek,53.591096,10.021511,56,junior,False,True,3,0.343
E0050,Garstedt,53.696062,9.984809,45,senior,True,False,2,0.093
E0051,Henstedt-Ulzburg,53.79774,9.965553,46,mid,True,False,3,0.29
E0052,Norderstedt-Mitte,53.713552,10.000862,32,mid,True,False,3,0.571
E0053,Altona,53.580637,9.907848,57,senior,False,True,0,0.354
E0054,Eimsbuettel,53.569034,9.953903,29,junior,False,True,2,0.506
E0055,Barmbek,53.589452,10.068022,66,mid,False,True,3,0.461
E0056,Altona,53.535626,9.90457,48,mid,True,False,1,0.641
E0057,Schnelsen,53.643526,9.942644,53,mid,True,False,0,0.567
E0058,Ohlsdorf,53.63257,10.054594,38,junior,True,True,3,0.583
E0059,Garstedt,53.697057,9.980047,32,senior,True,False,0,0.779
E0060,Norderstedt-Glashuette,53.68563,10.034566,56,mid,True,False,2,0.506
E0061,Eimsbuettel,53.554362,9.94511,41,junior,True,True,0,0.63
E0062,Poppenbuettel,53.652424,10.098791,42,mid,False,False,3,0.27
E0063,Ohlsdorf,53.616125,10.018923,66,mid,True,True,0,0.289
E0064,St. Georg / Altstadt,53.539584,9.998445,42,junior,True,True,1,0.534
E0065,Eppendorf,53.587151,9.990545,47,junior,False,False,1,0.205
E0066,Ohlsdorf,53.616653,10.054557,29,junior,True,True,1,0.614
E0067,Ohlsdorf,53.645555,10.036519,50,junior,True,False,3,0.202
E0068,Bad Bramstedt,53.933324,9.882184,55,senior,True,True,3,0.693
E0069,Norderstedt-Mitte,53.700059,9.978494,27,junior,True,False,3,0.553
E0070,Niendorf,53.636175,9.975213,29,mid,True,False,1,0.857
E0071,Henstedt-Ulzburg,53.808072,10.011701,32,mid,True,False,1,0.368
E0072,Niendorf,53.619141,9.965712,36,senior,True,False,0,0.511
E0073,Billstedt,53.536271,10.110918,34,mid,True,False,0,0.375
E0074,Quickborn,53.737321,9.904197,43,mid,True,False,3,0.709
E0075,Norderstedt-Mitte,53.708785,10.014442,23,senior,False,False,0,0.385
E0076,Ellerau,53.747819,9.936029,19,junior,True,False,0,0.283
E0077,Tangstedt,53.740082,10.046073,54,junior,True,False,2,0.111
E0078,Eimsbuettel,53.574662,9.96851,20,senior,True,True,3,0.491
E0079,Ohlsdorf,53.623074,10.01988,45,senior,True,False,1,0.873
E0080,Altona,53.549038,9.946084,26,mid,True,False,0,0.672
E0081,Eimsbuettel,53.571916,9.971684,21,senior,True,True,0,0.147
E0082,Niendorf,53.62771,9.957994,23,mid,True,False,2,0.311
E0083,St. Pauli,53.547426,9.963753,21,junior,True,True,0,0.684
E0084,Garstedt,53.697164,9.951529,61,junior,True,False,1,0.266
E0085,Norderstedt-Mitte,53.699723,10.011687,43,mid,True,False,2,0.755
E0086,Norderstedt-Glashuette,53.680323,10.078914,51,mid,False,False,1,0.261
E0087,Wandsbek,53.581655,10.097168,48,mid,True,True,3,0.293
E0088,Schnelsen,53.601047,9.897259,53,mid,True,False,0,0.668
E0089,Garstedt,53.690238,9.970974,37,mid,True,False,2,0.397
E0090,Volksdorf,53.653185,10.181027,33,mid,True,False,1,0.775
E0091,Garstedt,53.693986,9.997118,40,senior,True,False,3,0.351
E0092,Barmbek,53.590567,10.058162,32,mid,True,True,1,0.536
E0093,Schnelsen,53.629177,9.899872,44,mid,True,False,2,0.216
E0094,Fuhlsbuettel,53.638493,9.983984,40,mid,True,True,0,0.915
E0095,Bad Bramstedt,53.911272,9.907085,37,junior,False,False,3,0.538
E0096,Eppendorf,53.588465,9.9526,47,senior,True,False,1,0.449
E0097,Langenhorn,53.644105,10.034966,38,junior,True,False,1,0.929
E0098,Norderstedt-Glashuette,53.691563,10.02116,33,junior,False,False,1,0.266
E0099,Norderstedt-Glashuette,53.684468,10.047129,32,junior,True,False,0,0.183
E0100,Halstenbek,53.633019,9.861189,40,mid,True,True,0,0.606
E0101,Blankenese,53.568948,9.807203,39,mid,True,True,1,0.602
E0102,Barmbek,53.579113,10.050884,45,junior,True,True,3,0.163
E0103,Kaltenkirchen,53.832342,9.984955,46,senior,True,False,3,0.559
E0104,Ahrensburg,53.680232,10.283616,21,senior,True,True,0,0.327
E0105,Altona,53.524544,9.966354,45,mid,False,False,0,0.476
E0106,Barmbek,53.597528,10.044151,38,mid,False,False,2,0.731
E0107,Schnelsen,53.645644,9.916743,33,senior,False,False,0,0.759
E0108,Kaltenkirchen,53.844805,9.960553,66,junior,True,False,2,0.647
E0109,Norderstedt-Glashuette,53.681706,10.043641,23,junior,False,False,0,0.147
E0110,Harburg,53.438721,9.958727,35,junior,True,False,0,0.421
E0111,Schnelsen,53.616,9.894804,35,mid,True,False,1,0.773
E0112,Henstedt-Ulzburg,53.796911,9.9238,43,mid,True,False,1,0.755
E0113,Bad Bramstedt,53.917777,9.86441,42,senior,False,True,0,0.516
E0114,Winterhude,53.607188,10.001778,30,mid,False,False,2,0.523
E0115,Garstedt,53.70124,9.959181,38,senior,True,True,0,0.889
E0116,Billstedt,53.533723,10.109661,35,mid,True,False,2,0.225
E0117,St. Georg / Altstadt,53.574429,9.994369,41,junior,False,False,2,0.313
E0118,Wandsbek,53.561252,10.134413,36,mid,True,False,1,0.872
E0119,Niendorf,53.635127,9.965977,42,junior,True,False,3,0.905
E0120,Eppendorf,53.57506,9.98488,44,mid,False,True,2,0.548
E0121,Winterhude,53.599783,9.994455,36,junior,False,False,0,0.878
E0122,Eimsbuettel,53.57784,9.946586,48,mid,False,False,1,0.819
E0123,Norderstedt-Glashuette,53.702043,10.031672,38,mid,True,False,0,0.556
E0124,Niendorf,53.635313,9.932216,34,junior,True,False,0,0.235
E0125,Norderstedt-Mitte,53.71315,9.987283,43,mid,True,True,0,0.225
E0126,Poppenbuettel,53.666678,10.063564,56,junior,True,True,3,0.532
E0127,Langenhorn,53.64842,9.992823,27,mid,False,False,1,0.932
E0128,Garstedt,53.688885,9.981544,19,mid,True,False,2,0.108
E0129,Norderstedt-Glashuette,53.668576,10.040947,34,junior,True,True,1,0.167
E0130,Winterhude,53.601693,9.978853,41,mid,False,False,3,0.266
E0131,Garstedt,53.665544,9.970627,52,mid,True,True,2,0.485
E0132,Wedel,53.576696,9.689476,50,mid,True,False,0,0.62
E0133,Winterhude,53.582439,9.987663,32,mid,False,False,0,0.368
E0134,Langenhorn,53.644797,10.044542,41,mid,True,False,0,0.39
E0135,Winterhude,53.588664,10.002993,33,mid,True,False,0,0.599
E0136,Norderstedt-Mitte,53.70345,9.993399,42,mid,True,False,1,0.055
E0137,Halstenbek,53.629951,9.856472,38,senior,True,False,0,0.643
E0138,Poppenbuettel,53.661713,10.104075,41,mid,True,False,2,0.484
E0139,Altona,53.55495,9.907307,53,junior,True,False,1,0.342
E0140,Norderstedt-Glashuette,53.689435,10.044573,33,mid,True,False,3,0.356
E0141,Poppenbuettel,53.665619,10.033577,43,mid,True,True,3,0.59
E0142,Poppenbuettel,53.670671,10.065361,44,junior,True,False,0,0.554
E0143,Pinneberg,53.656198,9.772808,49,mid,True,False,0,0.655
E0144,Ohlsdorf,53.615154,10.010019,59,junior,True,False,1,0.474
E0145,Poppenbuettel,53.654993,10.057194,19,mid,True,False,0,0.237
E0146,Kaltenkirchen,53.84077,9.965682,28,mid,True,False,3,0.606
E0147,Langenhorn,53.662371,10.007606,50,junior,True,False,2,0.166
E0148,Bramfeld,53.60664,10.087239,37,mid,True,False,2,0.284
E0149,Schnelsen,53.635147,9.928922,38,junior,False,False,0,0.619
E0150,Norderstedt-Mitte,53.705697,10.002528,65,senior,True,False,1,0.589
E0151,Rahlstedt,53.59725,10.161669,50,junior,True,False,1,0.371
E0152,Harburg,53.446261,10.003257,36,mid,True,False,0,0.299
E0153,Garstedt,53.685708,9.990308,32,junior,True,False,0,0.491
E0154,Ohlsdorf,53.650339,10.006036,32,mid,True,False,1,0.386
E0155,Norderstedt-Glashuette,53.692574,10.054174,36,mid,True,True,2,0.299
E0156,Eimsbuettel,53.59774,9.964996,48,mid,True,True,1,0.564
E0157,Ellerau,53.749138,9.914423,39,mid,True,False,1,0.371
E0158,Eimsbuettel,53.584545,9.972836,55,mid,True,True,1,0.628
E0159,Wandsbek,53.563001,10.080696,32,junior,False,False,0,0.55
E0160,St. Georg / Altstadt,53.542406,10.034004,30,mid,True,False,3,0.178
E0161,Norderstedt-Glashuette,53.696492,10.052489,34,mid,True,True,0,0.693
E0162,Blankenese,53.574176,9.798477,44,mid,True,False,1,0.063
E0163,Quickborn,53.737245,9.915045,38,senior,True,True,3,0.178
E0164,Norderstedt-Mitte,53.692183,10.033449,34,senior,True,False,1,0.598
E0165,Ohlsdorf,53.645517,10.04675,23,senior,True,False,0,0.281
E0166,Fuhlsbuettel,53.629429,10.011349,35,senior,False,False,0,0.289
E0167,Rahlstedt,53.605533,10.17482,44,mid,True,False,3,0.494
E0168,St. Pauli,53.553401,9.983165,53,senior,True,True,1,0.079
E0169,Langenhorn,53.636817,10.010153,40,mid,True,False,2,0.499
E0170,Halstenbek,53.616489,9.853135,49,mid,False,True,0,0.621
E0171,Tangstedt,53.73767,10.052924,19,mid,True,False,0,0.859
E0172,Volksdorf,53.678653,10.191245,53,senior,True,False,0,0.299
E0173,Quickborn,53.699432,9.912986,33,senior,True,False,2,0.718
E0174,Pinneberg,53.636158,9.808212,53,junior,True,True,3,0.305
E0175,Garstedt,53.691349,9.970198,47,junior,True,False,2,0.278
E0176,Norderstedt-Mitte,53.709143,9.992524,19,mid,True,False,0,0.089
E0177,Niendorf,53.610597,9.962167,19,senior,True,False,1,0.255
E0178,Elmshorn,53.753788,9.692868,24,junior,True,False,2,0.655
E0179,Harburg,53.457247,9.983591,47,senior,True,False,0,0.862
E0180,Wandsbek,53.565733,10.071048,46,junior,False,False,1,0.92
E0181,Harburg,53.441254,9.978491,27,junior,True,True,0,0.696
E0182,Harburg,53.463429,9.995259,31,mid,True,False,2,0.357
E0183,Volksdorf,53.64858,10.160018,39,junior,True,False,1,0.637
E0184,Langenhorn,53.667773,10.048686,39,mid,False,False,0,0.43
E0185,St. Georg / Altstadt,53.562283,10.033077,44,mid,False,True,1,0.624
E0186,Eimsbuettel,53.576119,9.981146,47,junior,False,False,2,0.214
E0187,Fuhlsbuettel,53.630654,10.032445,35,junior,True,False,1,0.36
E0188,Norderstedt-Glashuette,53.693535,10.054603,46,junior,True,False,2,0.551
E0189,Wandsbek,53.577853,10.045883,39,senior,True,False,1,0.299
E0190,Kaltenkirchen,53.840204,9.958914,55,junior,True,False,3,0.869
E0191,Pinneberg,53.662495,9.824117,43,mid,True,False,1,0.158
E0192,Quickborn,53.726982,9.909727,46,mid,True,False,3,0.711
E0193,Norderstedt-Glashuette,53.694423,10.020534,31,mid,False,False,1,0.448
E0194,Rahlstedt,53.617932,10.135561,30,mid,False,False,0,0.252
E0195,Garstedt,53.686883,9.979885,51,junior,True,False,2,0.332
E0196,Garstedt,53.70519,10.002308,32,junior,True,False,1,0.315
E0197,Winterhude,53.608053,9.994003,38,senior,False,False,2,0.675
E0198,Bergedorf,53.511167,10.195334,44,senior,False,False,0,0.688
E0199,Henstedt-Ulzburg,53.798624,9.955254,39,mid,True,False,1,0.515
E0200,Bad Bramstedt,53.916066,9.882635,33,mid,True,False,0,0.52
E0201,Altona,53.53123,9.94395,54,junior,False,False,1,0.581
E0202,Ahrensburg,53.651633,10.200704,29,senior,False,False,2,0.628
E0203,Volksdorf,53.659039,10.140027,50,senior,False,False,1,0.517
E0204,Garstedt,53.699365,9.978862,28,mid,True,False,1,0.739
E0205,Norderstedt-Mitte,53.687247,10.002281,34,mid,True,False,3,0.515
E0206,Quickborn,53.723283,9.884304,38,mid,False,True,1,0.895
E0207,Norderstedt-Glashuette,53.697424,10.037852,39,mid,False,True,2,0.405
E0208,Eimsbuettel,53.582906,9.961037,49,mid,True,False,3,0.502
E0209,Norderstedt-Glashuette,53.70379,10.057562,49,mid,True,False,2,0.166
E0210,Volksdorf,53.654452,10.142026,57,mid,True,False,1,0.565
E0211,Barmbek,53.582141,10.070947,39,junior,False,True,2,0.658
E0212,Winterhude,53.592193,10.017666,50,junior,False,True,3,0.702
E0213,Henstedt-Ulzburg,53.786428,9.968663,36,junior,True,True,0,0.138
E0214,Altona,53.555501,9.948326,29,senior,True,False,0,0.433
E0215,Barmbek,53.597492,10.025866,46,junior,True,True,3,0.71
E0216,Wandsbek,53.580571,10.065892,29,junior,True,False,1,0.436
E0217,Norderstedt-Glashuette,53.680596,10.068967,40,mid,True,True,2,0.333
E0218,Norderstedt-Glashuette,53.676672,10.052761,57,senior,False,False,2,0.789
E0219,Wedel,53.568706,9.698217,31,mid,True,False,1,0.624
E0220,Fuhlsbuettel,53.635276,10.009965,37,junior,True,True,0,0.627
E0221,Tangstedt,53.723341,10.098472,34,senior,True,False,0,0.259
E0222,Poppenbuettel,53.66537,10.075415,61,junior,False,False,2,0.514
E0223,Eimsbuettel,53.568195,9.959084,26,junior,False,True,2,0.85
E0224,Halstenbek,53.642835,9.873901,52,junior,True,False,0,0.818
E0225,Tangstedt,53.73533,10.073297,39,junior,True,False,2,0.817
E0226,Wedel,53.579453,9.662181,19,mid,True,True,0,0.776
E0227,Norderstedt-Mitte,53.69804,9.999517,23,senior,False,False,2,0.504
E0228,Ohlsdorf,53.626073,10.036831,32,mid,True,False,3,0.52
E0229,Eppendorf,53.585972,9.988195,58,mid,True,True,1,0.407
E0230,Norderstedt-Glashuette,53.677099,10.080462,50,mid,True,False,3,0.798
E0231,Garstedt,53.702552,9.975886,49,mid,True,False,2,0.63
E0232,Niendorf,53.622435,9.909628,27,junior,True,True,0,0.575
E0233,Ahrensburg,53.664151,10.231397,39,mid,True,False,0,0.648
E0234,Winterhude,53.594222,10.022946,39,mid,True,True,2,0.344
E0235,Pinneberg,53.666663,9.776538,31,mid,True,False,2,0.549
E0236,Altona,53.554333,9.983728,42,mid,False,True,1,0.73
E0237,Poppenbuettel,53.6406,10.100232,54,junior,True,False,0,0.323
E0238,Altona,53.545882,9.925718,49,junior,False,True,3,0.763
E0239,Norderstedt-Mitte,53.725743,9.978293,55,junior,True,False,2,0.201
E0240,Norderstedt-Glashuette,53.688402,10.056537,42,junior,True,True,0,0.564
E0241,Rahlstedt,53.59299,10.15251,31,mid,True,False,2,0.573
E0242,Altona,53.556836,9.920685,45,mid,False,True,1,0.615
E0243,Quickborn,53.734294,9.942042,38,mid,True,True,1,0.48
E0244,Bramfeld,53.635808,10.076722,43,junior,True,False,0,0.121
E0245,Winterhude,53.587452,9.999061,47,junior,True,True,1,0.675
E0246,Billstedt,53.554422,10.117615,51,senior,False,False,1,0.536
E0247,Winterhude,53.578805,9.987029,47,junior,True,False,0,0.652
E0248,Niendorf,53.61901,9.92669,39,mid,False,False,1,0.754
E0249,Fuhlsbuettel,53.64395,10.022518,37,junior,True,True,0,0.405
E0250,Niendorf,53.629911,9.959207,26,junior,True,False,1,0.921
E0251,Eimsbuettel,53.5696,9.938348,40,senior,False,True,2,0.095
E0252,Billstedt,53.534886,10.114584,53,mid,True,False,0,0.631
E0253,Schnelsen,53.636643,9.904616,26,junior,True,False,1,0.339
E0254,Quickborn,53.720417,9.935551,31,junior,True,False,3,0.649
E0255,Quickborn,53.727544,9.896803,31,mid,True,False,2,0.664
E0256,Wandsbek,53.563025,10.071116,60,mid,True,False,2,0.648
E0257,St. Pauli,53.541661,9.963037,44,junior,True,True,3,0.615
E0258,Norderstedt-Glashuette,53.692957,10.076367,51,senior,True,False,3,0.765
E0259,Norderstedt-Mitte,53.713001,9.995819,42,mid,True,True,3,0.258
E0260,Winterhude,53.596789,10.014187,51,junior,True,False,3,0.365
E0261,Garstedt,53.689419,9.980855,37,senior,True,False,0,0.116
E0262,Rahlstedt,53.582159,10.150708,43,mid,True,True,1,0.377
E0263,Bad Bramstedt,53.88977,9.871592,35,mid,True,True,0,0.163
E0264,Garstedt,53.69327,9.975692,44,senior,True,False,0,0.208
E0265,Blankenese,53.559981,9.802435,37,mid,True,False,2,0.303
E0266,Garstedt,53.679043,9.972228,29,senior,False,False,1,0.759
E0267,Ellerau,53.751437,9.925864,50,mid,True,False,2,0.108
E0268,Garstedt,53.679075,9.979386,19,mid,True,False,0,0.264
E0269,Norderstedt-Glashuette,53.699067,10.045122,39,mid,True,False,1,0.475
E0270,Norderstedt-Mitte,53.688648,10.024633,37,junior,True,True,2,0.425
E0271,Norderstedt-Mitte,53.706503,10.000168,36,junior,True,False,0,0.662
E0272,Garstedt,53.710485,9.990973,57,mid,True,False,0,0.439
E0273,Norderstedt-Mitte,53.691068,10.007976,63,mid,True,False,3,0.7
E0274,Winterhude,53.580848,10.011125,19,senior,True,False,2,0.263
E0275,Barmbek,53.598691,10.057348,43,junior,False,True,0,0.275
E0276,Fuhlsbuettel,53.64304,10.032399,38,mid,True,False,1,0.579
E0277,Langenhorn,53.660244,10.015788,29,mid,True,True,0,0.689
E0278,Volksdorf,53.654229,10.160813,41,mid,True,True,3,0.628
E0279,Bergedorf,53.471114,10.172014,39,junior,True,False,2,0.807
E0280,Billstedt,53.551886,10.08572,42,mid,True,False,3,0.233
E0281,Norderstedt-Mitte,53.712145,9.985436,27,junior,True,False,0,0.383
E0282,Garstedt,53.699466,9.981725,27,mid,True,False,0,0.536
E0283,Quickborn,53.737193,9.910191,40,junior,True,False,0,0.789
E0284,Quickborn,53.728919,9.901779,44,mid,True,False,2,0.351
E0285,Ohlsdorf,53.629037,10.026279,66,junior,True,False,1,0.492
E0286,Niendorf,53.598702,9.978986,49,mid,True,False,1,0.794
E0287,Norderstedt-Mitte,53.698418,10.005359,38,senior,True,False,1,0.373
E0288,Fuhlsbuettel,53.645054,10.025584,48,mid,False,False,1,0.518
E0289,Bramfeld,53.599235,10.041283,59,junior,True,False,3,0.261
E0290,Norderstedt-Glashuette,53.700879,10.048905,50,senior,True,False,0,0.64
E0291,Rahlstedt,53.607438,10.146219,44,senior,True,False,1,0.262
E0292,Norderstedt-Mitte,53.712132,9.963704,26,mid,True,True,0,0.488
E0293,Wedel,53.578154,9.688876,43,junior,True,False,2,0.715
E0294,Norderstedt-Glashuette,53.699557,10.032985,33,mid,True,False,3,0.637
E0295,Rahlstedt,53.598863,10.151933,47,mid,True,False,2,0.597
E0296,Harburg,53.469394,9.992099,46,junior,True,False,2,0.666
E0297,Ahrensburg,53.681406,10.231577,43,mid,True,False,2,0.515
E0298,Altona,53.544118,9.925654,23,mid,False,False,2,0.958
E0299,Altona,53.567218,9.92944,34,mid,True,False,2,0.431
E0300,Eimsbuettel,53.556684,9.946914,49,mid,True,True,1,0.609
E0301,Altona,53.546853,9.908507,45,mid,False,False,0,0.332
E0302,Norderstedt-Glashuette,53.671312,10.03062,55,mid,True,False,3,0.602
E0303,Bramfeld,53.610611,10.086258,24,mid,False,False,0,0.298
E0304,Volksdorf,53.646416,10.16795,51,mid,True,False,0,0.435
E0305,Billstedt,53.537904,10.127381,32,mid,False,False,1,0.266
E0306,Schnelsen,53.629443,9.915336,50,mid,True,False,1,0.337
E0307,Fuhlsbuettel,53.636539,10.024784,39,mid,False,False,1,0.235
E0308,Eppendorf,53.589153,10.02658,50,junior,True,True,0,0.219
E0309,Kaltenkirchen,53.836121,9.949899,45,junior,False,False,3,0.874
E0310,Garstedt,53.695838,9.988564,41,junior,True,False,0,0.308
E0311,Poppenbuettel,53.643753,10.090858,35,junior,True,False,0,0.552
E0312,Niendorf,53.609499,9.926001,25,junior,True,False,0,0.444
E0313,Quickborn,53.709048,9.951427,23,mid,True,False,2,0.773
E0314,Langenhorn,53.652141,9.998748,33,mid,True,False,0,0.334
E0315,Langenhorn,53.664253,9.976904,25,mid,True,False,0,0.492
E0316,Langenhorn,53.660501,10.006346,57,senior,True,True,1,0.343
E0317,Fuhlsbuettel,53.616252,10.015157,40,senior,False,False,1,0.276
E0318,Barmbek,53.59763,10.032545,31,mid,False,True,2,0.575
E0319,Tangstedt,53.726648,10.056361,23,mid,True,False,0,0.32
E0320,Pinneberg,53.664079,9.80147,38,mid,True,True,1,0.31
E0321,Blankenese,53.566064,9.801177,37,junior,True,True,0,0.765
E0322,Poppenbuettel,53.669485,10.090402,65,junior,True,False,3,0.395
E0323,Langenhorn,53.663045,10.039046,42,mid,True,False,0,0.405
E0324,Bramfeld,53.596935,10.05448,30,mid,False,False,2,0.622
E0325,Rahlstedt,53.592208,10.159682,65,mid,True,False,1,0.522
E0326,Eimsbuettel,53.574386,9.951991,34,mid,True,False,1,0.587
E0327,Altona,53.56214,9.949065,47,senior,True,True,3,0.343
E0328,Bramfeld,53.614124,10.070144,19,junior,True,False,1,0.827
E0329,Eppendorf,53.586436,9.97726,53,senior,False,False,2,0.792
E0330,Tangstedt,53.745198,10.132008,41,mid,True,True,1,0.097
E0331,Wandsbek,53.578616,10.082371,32,junior,True,False,0,0.027
E0332,Henstedt-Ulzburg,53.802548,9.962294,47,junior,True,False,1,0.774
E0333,Barmbek,53.576189,10.050497,49,mid,True,True,0,0.305
E0334,Billstedt,53.540101,10.080655,34,mid,True,True,2,0.624
E0335,Norderstedt-Glashuette,53.68885,10.075342,39,mid,False,True,0,0.693
E0336,Eppendorf,53.602056,10.000974,46,mid,True,True,3,0.196
E0337,Norderstedt-Glashuette,53.687152,10.052662,52,junior,True,False,2,0.545
E0338,Wandsbek,53.575942,10.037584,32,senior,True,False,0,0.749
E0339,Norderstedt-Glashuette,53.681445,10.077278,52,mid,True,True,0,0.649
E0340,Pinneberg,53.658728,9.779011,19,senior,True,False,3,0.314
E0341,Garstedt,53.693308,9.984574,47,mid,True,True,2,0.632
E0342,Halstenbek,53.649621,9.864243,66,junior,True,False,0,0.692
E0343,Altona,53.560253,9.916055,56,junior,False,True,0,0.432
E0344,Winterhude,53.582879,9.984544,29,mid,False,False,2,0.657
E0345,Altona,53.546924,9.94451,20,senior,False,False,0,0.732
E0346,Altona,53.546533,9.952107,33,junior,True,True,1,0.865
E0347,Pinneberg,53.676598,9.802781,36,mid,True,False,1,0.392
E0348,Quickborn,53.719636,9.889537,39,mid,True,False,2,0.317
E0349,Winterhude,53.58787,10.030558,38,mid,True,False,1,0.384
E0350,Norderstedt-Glashuette,53.691029,10.008822,44,junior,True,False,2,0.553
E0351,Eppendorf,53.581462,10.030895,33,senior,True,True,0,0.189
E0352,Garstedt,53.677043,10.007948,27,senior,True,False,0,0.417
E0353,Ohlsdorf,53.606634,10.04904,40,mid,True,True,1,0.265
E0354,Ohlsdorf,53.614659,10.033351,24,junior,True,False,2,0.19
E0355,Schnelsen,53.629003,9.909127,19,mid,True,False,3,0.791
E0356,Bramfeld,53.635747,10.089288,19,junior,True,False,2,0.199
E0357,St. Georg / Altstadt,53.560507,10.004231,37,senior,False,True,3,0.74
E0358,Altona,53.554931,9.936301,35,mid,False,True,1,0.21
E0359,Poppenbuettel,53.652755,10.089838,40,junior,True,False,0,0.651
E0360,Winterhude,53.598367,10.006686,55,mid,False,False,1,0.26
E0361,Wedel,53.58096,9.680791,40,senior,True,False,2,0.393
E0362,Norderstedt-Glashuette,53.675408,10.030358,44,mid,False,False,0,0.445
E0363,Norderstedt-Glashuette,53.688061,10.033306,38,junior,True,False,0,0.834
E0364,Norderstedt-Glashuette,53.691439,10.044188,52,junior,True,False,1,0.197
E0365,Eimsbuettel,53.56789,9.987512,50,mid,True,False,2,0.337
E0366,Niendorf,53.623048,9.954529,41,junior,True,False,1,0.316
E0367,St. Georg / Altstadt,53.545263,10.014905,25,junior,False,False,3,0.251
E0368,Eimsbuettel,53.568421,9.984161,49,mid,False,True,1,0.267
E0369,Langenhorn,53.66618,10.02099,39,junior,False,False,0,0.575
E0370,Harburg,53.473044,9.955052,38,junior,True,False,0,0.38
E0371,St. Georg / Altstadt,53.5573,9.996131,44,junior,False,True,3,0.731
E0372,Kaltenkirchen,53.804449,9.982667,42,mid,True,True,1,0.163
E0373,Langenhorn,53.660415,10.020641,27,junior,False,True,0,0.396
E0374,Langenhorn,53.61901,10.008535,48,senior,False,True,3,0.427
E0375,Garstedt,53.696267,9.966337,19,mid,True,False,3,0.429
E0376,Garstedt,53.697558,10.002847,22,mid,True,False,0,0.765
E0377,Pinneberg,53.663867,9.812167,37,mid,True,False,0,0.632
E0378,Schnelsen,53.63505,9.900713,55,mid,True,False,2,0.848
E0379,Fuhlsbuettel,53.608664,10.000765,66,junior,True,True,0,0.257
E0380,Wandsbek,53.581218,10.065228,29,senior,True,True,3,0.506
E0381,Bramfeld,53.609474,10.060047,57,junior,True,False,3,0.503
E0382,Pinneberg,53.652233,9.776333,51,mid,True,False,2,0.472
E0383,Altona,53.532995,9.927931,47,mid,True,False,3,0.428
E0384,Poppenbuettel,53.657802,10.076183,47,senior,True,False,0,0.74
E0385,Fuhlsbuettel,53.634909,10.006531,34,mid,True,False,1,0.289
E0386,Elmshorn,53.757346,9.638148,39,mid,False,True,1,0.543
E0387,Barmbek,53.589901,10.05721,47,junior,True,True,1,0.694
E0388,Pinneberg,53.648166,9.827339,50,junior,True,True,0,0.036
E0389,Norderstedt-Glashuette,53.698176,10.040108,29,senior,True,True,2,0.446
E0390,Billstedt,53.551257,10.101986,38,junior,True,False,1,0.344
E0391,Eppendorf,53.574248,9.99815,43,mid,True,False,0,0.259
E0392,Norderstedt-Glashuette,53.689614,10.088471,44,mid,True,False,2,0.631
E0393,Winterhude,53.566349,9.993797,48,mid,True,False,2,0.236
E0394,Barmbek,53.577809,10.049703,41,mid,False,False,1,0.944
E0395,Norderstedt-Mitte,53.70496,10.019844,31,senior,True,False,2,0.41
E0396,Schnelsen,53.64353,9.911578,26,mid,True,False,2,0.562
E0397,Rahlstedt,53.604362,10.102312,61,senior,True,False,0,0.217
E0398,Tangstedt,53.726211,10.06966,38,mid,True,False,0,0.483
E0399,Schnelsen,53.645978,9.927358,43,mid,True,False,0,0.348
E0400,Schnelsen,53.633265,9.914141,38,senior,False,False,1,0.784
E0401,Bad Bramstedt,53.901746,9.893928,48,senior,True,False,0,0.118
E0402,Blankenese,53.56495,9.795395,27,mid,True,False,0,0.791
E0403,Altona,53.544641,9.929512,45,mid,False,False,2,0.375
E0404,Norderstedt-Glashuette,53.68049,10.031995,40,mid,True,False,2,0.402
E0405,Elmshorn,53.780565,9.680464,49,junior,True,True,0,0.293
E0406,Bergedorf,53.490383,10.167728,40,junior,True,True,0,0.457
E0407,Ellerau,53.76578,9.93388,48,junior,True,False,0,0.383
E0408,Rahlstedt,53.589114,10.16444,35,junior,True,False,3,0.709
E0409,Norderstedt-Glashuette,53.69818,10.032376,40,mid,False,False,0,0.412
E0410,Elmshorn,53.761903,9.65943,35,mid,True,False,2,0.234
E0411,Eimsbuettel,53.586693,9.905133,36,mid,False,False,2,0.581
E0412,Eimsbuettel,53.596546,9.928804,45,junior,True,False,1,0.646
E0413,Norderstedt-Glashuette,53.691863,10.061392,37,junior,True,False,1,0.59
E0414,Harburg,53.437505,9.944516,45,junior,False,True,0,0.105
E0415,Norderstedt-Mitte,53.695903,9.989677,27,senior,True,False,0,0.505
E0416,Quickborn,53.726008,9.919327,20,mid,True,True,0,0.785
E0417,Garstedt,53.678123,9.962896,41,mid,True,False,2,0.058
E0418,Altona,53.56394,9.943264,42,junior,True,True,0,0.571
E0419,Henstedt-Ulzburg,53.780832,9.995344,30,mid,True,False,1,0.162
E0420,Blankenese,53.562472,9.854835,37,junior,True,False,2,0.646
E0421,Eimsbuettel,53.577078,9.950979,48,mid,True,False,0,0.181
E0422,Norderstedt-Mitte,53.705987,10.008301,38,junior,True,False,0,0.136
E0423,Norderstedt-Mitte,53.706395,9.984087,50,junior,True,False,3,0.463
E0424,Norderstedt-Mitte,53.71233,10.013671,38,junior,True,False,0,0.228
E0425,Winterhude,53.600187,10.025013,43,junior,True,False,2,0.607
E0426,Altona,53.557403,9.92354,46,senior,False,True,1,0.65
E0427,Quickborn,53.728025,9.877186,58,mid,True,False,2,0.724
E0428,Rahlstedt,53.573389,10.154788,24,senior,True,False,2,0.593
E0429,Norderstedt-Mitte,53.713853,9.997319,36,mid,False,False,0,0.948
E0430,Altona,53.551065,9.933811,66,junior,True,True,0,0.707
E0431,Wedel,53.586542,9.718384,56,senior,True,False,2,0.342
E0432,St. Georg / Altstadt,53.543296,9.98496,38,senior,False,True,0,0.157
E0433,Barmbek,53.59281,10.030997,32,junior,False,True,1,0.439
E0434,Rahlstedt,53.607232,10.157114,37,mid,True,False,3,0.064
E0435,Norderstedt-Mitte,53.696459,10.005134,32,senior,False,False,3,0.46
E0436,Henstedt-Ulzburg,53.791885,10.001126,44,mid,True,False,0,0.627
E0437,Norderstedt-Glashuette,53.676816,10.022371,43,mid,True,False,0,0.609
E0438,Volksdorf,53.657674,10.147119,50,mid,True,True,2,0.351
E0439,Wandsbek,53.595135,10.048906,45,mid,True,False,2,0.708
E0440,Eppendorf,53.594327,9.971379,44,senior,True,False,1,0.265
E0441,Billstedt,53.53079,10.123976,54,junior,True,False,1,0.328
E0442,Garstedt,53.697432,9.977303,40,mid,True,False,2,0.085
E0443,Wandsbek,53.562156,10.079428,58,junior,True,False,0,0.526
E0444,Henstedt-Ulzburg,53.809898,9.952746,49,mid,True,False,0,0.512
E0445,Kaltenkirchen,53.828174,9.934453,56,mid,True,False,0,0.708
E0446,Barmbek,53.56607,10.042952,36,mid,False,True,0,0.721
E0447,Ahrensburg,53.695253,10.226105,60,senior,True,False,0,0.252
E0448,Winterhude,53.610007,9.994232,38,senior,False,True,1,0.185
E0449,Norderstedt-Mitte,53.703145,9.982004,38,mid,True,False,1,0.329
E0450,Eppendorf,53.600592,9.95824,54,junior,True,False,0,0.323
E0451,Norderstedt-Mitte,53.694268,10.008232,49,junior,True,False,1,0.609
E0452,Bergedorf,53.472638,10.228417,27,mid,True,False,3,0.361
E0453,Barmbek,53.570703,10.049743,29,mid,True,True,2,0.333
E0454,Garstedt,53.681019,9.991073,40,mid,False,False,2,0.465
E0455,Norderstedt-Glashuette,53.703836,10.029336,33,mid,True,False,1,0.511
E0456,Garstedt,53.691738,9.965162,46,mid,True,False,1,0.728
E0457,Ahrensburg,53.677153,10.20502,31,mid,True,False,0,0.609
E0458,Schnelsen,53.641604,9.954801,33,mid,True,False,0,0.106
E0459,Altona,53.544965,9.94663,48,junior,True,True,1,0.273
E0460,Eppendorf,53.578961,9.987597,45,junior,False,False,1,0.789
E0461,Ohlsdorf,53.625676,10.053655,49,mid,True,False,0,0.369
E0462,Garstedt,53.694955,9.976536,40,senior,True,False,2,0.752
E0463,Pinneberg,53.661614,9.771045,42,junior,False,False,0,0.25
E0464,Bad Bramstedt,53.908134,9.896192,39,senior,True,False,0,0.444
E0465,Winterhude,53.612565,10.045343,45,mid,False,False,0,0.719
E0466,Barmbek,53.583285,10.015519,47,senior,False,False,2,0.261
E0467,Eimsbuettel,53.592239,9.935794,34,mid,False,True,0,0.453
E0468,Pinneberg,53.659604,9.804113,44,senior,False,False,2,0.249
E0469,Garstedt,53.692208,9.960812,38,senior,True,False,3,0.76
E0470,Volksdorf,53.644423,10.159882,39,junior,True,False,0,0.849
E0471,Niendorf,53.622712,9.86334,48,junior,True,False,2,0.422
E0472,Poppenbuettel,53.665849,10.076864,20,senior,True,False,3,0.215
E0473,Norderstedt-Glashuette,53.691544,10.023241,49,senior,True,True,2,0.125
E0474,Norderstedt-Glashuette,53.6902,10.040978,44,junior,True,False,2,0.378
E0475,Ellerau,53.755204,9.917295,37,mid,True,False,2,0.641
E0476,Bad Bramstedt,53.909539,9.864759,21,mid,True,True,1,0.384
E0477,Niendorf,53.625717,9.993459,43,mid,True,False,0,0.35
E0478,Winterhude,53.597453,10.018449,45,junior,False,True,3,0.838
E0479,Eppendorf,53.599337,9.992171,42,mid,False,False,0,0.849
E0480,Niendorf,53.60236,9.9074,41,mid,True,False,2,0.094
E0481,Niendorf,53.626968,9.972357,47,junior,True,False,0,0.238
E0482,Henstedt-Ulzburg,53.799388,10.002557,53,senior,True,False,1,0.371
E0483,Winterhude,53.591244,10.002414,35,junior,True,False,3,0.693
E0484,Langenhorn,53.658717,10.007307,42,mid,True,False,2,0.268
E0485,Norderstedt-Mitte,53.711795,9.982342,32,junior,True,False,2,0.62
E0486,Niendorf,53.615082,9.954055,32,junior,True,False,2,0.67
E0487,Poppenbuettel,53.657244,10.073886,29,mid,True,False,2,0.712
E0488,Quickborn,53.733135,9.909764,36,mid,True,True,0,0.077
E0489,Ohlsdorf,53.620147,10.015147,43,mid,True,False,0,0.659
E0490,Ohlsdorf,53.624898,10.039287,56,junior,True,False,2,0.433
E0491,Barmbek,53.571274,10.028675,37,junior,False,False,1,0.515
E0492,Eimsbuettel,53.570948,9.963788,34,junior,True,False,2,0.548
E0493,Eimsbuettel,53.576243,9.931706,53,senior,True,False,2,0.736
E0494,Langenhorn,53.664165,10.035701,45,junior,True,True,3,0.63
E0495,Altona,53.571605,9.943551,45,junior,True,False,2,0.37
E0496,Bramfeld,53.615616,10.054915,48,senior,True,True,0,0.507
E0497,Niendorf,53.619613,9.958923,37,senior,True,False,0,0.439
E0498,Eppendorf,53.595327,9.987611,46,junior,False,False,1,0.376
E0499,Langenhorn,53.662157,9.968645,24,mid,True,False,1,0.263
E0500,Volksdorf,53.622377,10.17574,21,mid,True,True,2,0.635
